replication,covariate,entry_to_stressed_AME,exit_to_calm_AME,convergence_code
1,depth_tilde,-0.0517523368838525,0.0415708562216205,0
1,rv_tilde,-0.0112918810922696,-0.0471369590386102,0
1,abs_ofi_tilde,0.000266095056242551,-0.0292259926406483,0
1,open_dummy,-0.0400179764803632,-0.0184377598551356,0
1,close_dummy,-0.0216662205472967,-0.0355680011862263,0
2,depth_tilde,-0.0486895106957551,0.0433968105293751,0
2,rv_tilde,-0.0219106744246056,-0.0525707369596373,0
2,abs_ofi_tilde,0.000101642101860678,-0.0345778708515798,0
2,open_dummy,-0.0231510425361454,0.00376449890046843,0
2,close_dummy,-0.0240660530394403,-0.0371879971072269,0
3,depth_tilde,-0.0511464277559186,0.042041709277105,0
3,rv_tilde,-0.0217752847555109,-0.0614458107315546,0
3,abs_ofi_tilde,-0.0025605327060724,-0.039134898618,0
3,open_dummy,-0.0432522846742658,-0.00127832459788351,0
3,close_dummy,-0.0266487999987282,-0.0257941326024379,0
4,depth_tilde,-0.0507344847193918,0.0407287191368191,0
4,rv_tilde,-0.0242900121273063,-0.0579594385115835,0
4,abs_ofi_tilde,-0.00235458099948113,-0.0340938507823788,0
4,open_dummy,-0.0347931727045075,0.0150046038370737,0
4,close_dummy,-0.0252683370351964,-0.0223896634751098,0
5,depth_tilde,-0.0502506892965126,0.0442516267409069,0
5,rv_tilde,-0.0169048053357765,-0.0506072088289084,0
5,abs_ofi_tilde,-0.0020044226508129,-0.0438625592035063,0
5,open_dummy,-0.0391387088310245,-0.012006813621902,0
5,close_dummy,-0.01869296793168,-0.0332754931633597,0
6,depth_tilde,-0.0524775321091722,0.0433105672086018,0
6,rv_tilde,-0.0166026988737867,-0.0473990985523093,0
6,abs_ofi_tilde,0.00232873055765603,-0.0396193672694798,0
6,open_dummy,-0.0466103617065675,-0.00583308316825966,0
6,close_dummy,-0.032676917121079,-0.0346118039375959,0
7,depth_tilde,-0.0496383628897016,0.0421195873583933,0
7,rv_tilde,-0.0211194331436063,-0.0567457189812664,0
7,abs_ofi_tilde,-0.00278666983187093,-0.0312009551072547,0
7,open_dummy,-0.0280740311159616,-0.00940641906476765,0
7,close_dummy,-0.0204799746767914,-0.0140351568391009,0
8,depth_tilde,-0.0519512582472302,0.0408322131408573,0
8,rv_tilde,-0.021860278512889,-0.0564804464665367,0
8,abs_ofi_tilde,-0.000560478780613977,-0.0367277318599589,0
8,open_dummy,-0.0357071935621612,0.00443234746867756,0
8,close_dummy,-0.030355618048045,-0.00999149480456022,0
9,depth_tilde,-0.049042729156019,0.0435961419605121,0
9,rv_tilde,-0.0172556868707236,-0.0589942071875335,0
9,abs_ofi_tilde,-0.000847543672002438,-0.038734790349169,0
9,open_dummy,-0.0248122487558507,-0.0165632296590103,0
9,close_dummy,-0.0180436838314074,-0.0427756153127224,0
10,depth_tilde,-0.0494284682457959,0.0440881824825645,0
10,rv_tilde,-0.0165372389526385,-0.053793638955899,0
10,abs_ofi_tilde,-0.00141159265026946,-0.0416714080074121,0
10,open_dummy,-0.0346061784177281,-0.000606990054831414,0
10,close_dummy,-0.0218400199612837,-0.022622993572925,0
11,depth_tilde,-0.0496680546680046,0.044953115744189,0
11,rv_tilde,-0.0168116960254064,-0.0527174401092596,0
11,abs_ofi_tilde,-0.000754985186300379,-0.0522102213378069,0
11,open_dummy,-0.06036130554528,0.00125086144438811,0
11,close_dummy,-0.0214771420617852,-0.0172107041655337,0
12,depth_tilde,-0.0507217626316836,0.0420732074577453,0
12,rv_tilde,-0.0171299266848917,-0.0503480328161745,0
12,abs_ofi_tilde,-0.00273167658053645,-0.0342672908622607,0
12,open_dummy,-0.0418845533674943,-0.0134104718536942,0
12,close_dummy,-0.0329660281583898,-0.005646518510644,0
13,depth_tilde,-0.0510272608232353,0.0410467437312698,0
13,rv_tilde,-0.0166636824832544,-0.0505168272303613,0
13,abs_ofi_tilde,0.00409805840289664,-0.0267137269088791,0
13,open_dummy,-0.0397541033800083,-0.00154344623654027,0
13,close_dummy,-0.0153458005519135,-0.0342449359737456,0
14,depth_tilde,-0.0490753791742156,0.0420470463192752,0
14,rv_tilde,-0.0210814913602572,-0.051895111662188,0
14,abs_ofi_tilde,-0.00372067569877684,-0.0373288249236137,0
14,open_dummy,-0.0491734800384178,-0.0080318546008425,0
14,close_dummy,-0.0133074933956963,-0.0227917270380463,0
15,depth_tilde,-0.0487110658688288,0.0413813063868931,0
15,rv_tilde,-0.0228885397967133,-0.0605269212600283,0
15,abs_ofi_tilde,-0.00221900303793886,-0.0250501589297912,0
15,open_dummy,-0.0204345256547499,-0.00722860291511762,0
15,close_dummy,-0.0232920801481743,-0.0211131783135225,0
16,depth_tilde,-0.051880050284694,0.0385548867267889,0
16,rv_tilde,-0.0213770683644552,-0.0483040666842495,0
16,abs_ofi_tilde,-0.00447616501314025,-0.0319594495455594,0
16,open_dummy,-0.0335387265361925,-0.0103635304325228,0
16,close_dummy,-0.0275651318769252,-0.0124752718500678,0
17,depth_tilde,-0.0505121544790803,0.0432873884731114,0
17,rv_tilde,-0.0220945010643134,-0.0539151590600403,0
17,abs_ofi_tilde,-0.00469732845753459,-0.02673894607094,0
17,open_dummy,-0.0372600307463367,-0.00062507060024065,0
17,close_dummy,-0.0275026313406432,-0.023133038771131,0
18,depth_tilde,-0.0505241028802033,0.0433733417478404,0
18,rv_tilde,-0.0159278128908892,-0.0590930239656994,0
18,abs_ofi_tilde,0.00149244699463402,-0.0298073937062991,0
18,open_dummy,-0.0332595061383388,0.0129836472944997,0
18,close_dummy,-0.0259370767956529,-0.0257473541050009,0
19,depth_tilde,-0.0530033651964482,0.043800615224033,0
19,rv_tilde,-0.0182808275165599,-0.0482433155915407,0
19,abs_ofi_tilde,0.00132440578698938,-0.0364530784297556,0
19,open_dummy,-0.0455980175202024,0.00706266849623215,0
19,close_dummy,-0.0127933118673068,-0.0363061482927846,0
20,depth_tilde,-0.0516298213481311,0.0423689018130528,0
20,rv_tilde,-0.0186032749062035,-0.0469490040104799,0
20,abs_ofi_tilde,-0.000232909447752056,-0.0332254080196305,0
20,open_dummy,-0.0297904833204389,-0.00848981995686548,0
20,close_dummy,-0.00739536274199232,-0.0271395820146544,0
21,depth_tilde,-0.0500906443315539,0.0459731682255866,0
21,rv_tilde,-0.0136027155722962,-0.06115161447022,0
21,abs_ofi_tilde,0.000920608719825417,-0.0496701722106987,0
21,open_dummy,-0.0390052892542549,0.00268293309573615,0
21,close_dummy,-0.0180908546794459,-0.0256955092941253,0
22,depth_tilde,-0.0495284283969929,0.0412660996790906,0
22,rv_tilde,-0.0234249432976342,-0.0493580849590697,0
22,abs_ofi_tilde,-0.00128746559501078,-0.0242194885228797,0
22,open_dummy,-0.0376638393242856,0.0176208655405455,0
22,close_dummy,-0.022116051605453,-0.0146636006667545,0
23,depth_tilde,-0.0492121356081508,0.0412240624030874,0
23,rv_tilde,-0.0216285744105603,-0.0563334932601923,0
23,abs_ofi_tilde,-0.00150788880961577,-0.0385969792581332,0
23,open_dummy,-0.0202342640698581,0.0038491461079331,0
23,close_dummy,-0.0174204148571616,-0.0341351540445832,0
24,depth_tilde,-0.0487662812741172,0.0428109428198411,0
24,rv_tilde,-0.0205401787253441,-0.0506327897578452,0
24,abs_ofi_tilde,-0.00570145891835874,-0.0404989028297503,0
24,open_dummy,-0.0395589501882344,-0.0143559465728677,0
24,close_dummy,-0.0247775154796657,-0.0227539968824934,0
25,depth_tilde,-0.05015450223382,0.0422119997767215,0
25,rv_tilde,-0.0177150146272694,-0.0558417433187325,0
25,abs_ofi_tilde,-0.00151909807541249,-0.0400404567180618,0
25,open_dummy,-0.0366610314696503,0.00656138432556967,0
25,close_dummy,-0.0206544734000067,-0.022689585577115,0
26,depth_tilde,-0.0502440262278546,0.0438027923604212,0
26,rv_tilde,-0.0183172839355992,-0.0538051240804039,0
26,abs_ofi_tilde,-0.00168941033875197,-0.0421469394117072,0
26,open_dummy,-0.052844566069753,-0.00315912260425994,0
26,close_dummy,-0.01598193602691,-0.026881704227445,0
27,depth_tilde,-0.0493792769835762,0.0424022718094268,0
27,rv_tilde,-0.0175155643777212,-0.0617368644016471,0
27,abs_ofi_tilde,0.00200699245166083,-0.0473291381558559,0
27,open_dummy,-0.0472249604413078,-0.0164842959120761,0
27,close_dummy,-0.0169035388954474,0.000506098769131372,0
28,depth_tilde,-0.0508723413363052,0.0427674263609349,0
28,rv_tilde,-0.0222324022893536,-0.0547089398259732,0
28,abs_ofi_tilde,-0.000596292647375892,-0.0366848692608317,0
28,open_dummy,-0.0551648187013543,0.0129204483132676,0
28,close_dummy,-0.0271848967938721,-0.0322905494248627,0
29,depth_tilde,-0.0510493121718929,0.04047438524271,0
29,rv_tilde,-0.0270213988047388,-0.0525656642721443,0
29,abs_ofi_tilde,-0.00344959624861541,-0.0283012000594247,0
29,open_dummy,-0.021344101410989,-0.0119223774607501,0
29,close_dummy,-0.0190241722176786,-0.0164902915458318,0
30,depth_tilde,-0.0494196723018433,0.0416543154901823,0
30,rv_tilde,-0.0183701372606387,-0.0584711322158557,0
30,abs_ofi_tilde,0.00284412094567851,-0.035916369386588,0
30,open_dummy,-0.0335506778340349,0.0100960230891415,0
30,close_dummy,-0.023832098553181,-0.0140386666053794,0
31,depth_tilde,-0.0493494685254836,0.0427028452062145,0
31,rv_tilde,-0.0195527995522287,-0.0560880502923289,0
31,abs_ofi_tilde,-0.00346065892219596,-0.0368195157909184,0
31,open_dummy,-0.0363175994298576,-0.00705778371476635,0
31,close_dummy,-0.0115920682891285,-0.0308360420708526,0
32,depth_tilde,-0.0502835424006197,0.0430939276132706,0
32,rv_tilde,-0.0185019136478667,-0.0520120441313924,0
32,abs_ofi_tilde,-0.00237312928524202,-0.0373267280892896,0
32,open_dummy,-0.0272449376460291,0.00646858084796826,0
32,close_dummy,-0.0186507813405917,-0.0293753958311522,0
33,depth_tilde,-0.0502282366061982,0.0407758220503084,0
33,rv_tilde,-0.0236639427425641,-0.063767175399895,0
33,abs_ofi_tilde,-0.0020696585370792,-0.0245578718392168,0
33,open_dummy,-0.0233751413625416,-0.000162453038007044,0
33,close_dummy,-0.0182851603327461,-0.00666336205839838,0
34,depth_tilde,-0.0503264616437541,0.041400997083572,0
34,rv_tilde,-0.0176745441872065,-0.0564119184784151,0
34,abs_ofi_tilde,-0.00434296050711048,-0.028859852719895,0
34,open_dummy,-0.0241250469551683,-0.0199073320515894,0
34,close_dummy,-0.0257648188597965,-0.0283171823672391,0
35,depth_tilde,-0.048920646054359,0.042154812669878,0
35,rv_tilde,-0.0196587405161493,-0.0518995866836633,0
35,abs_ofi_tilde,-0.00514114488094137,-0.0372575529535697,0
35,open_dummy,-0.0268150405490219,-0.0236068696454716,0
35,close_dummy,-0.0141611370205615,-0.0329798467226318,0
36,depth_tilde,-0.0517547081525237,0.0416292484301679,0
36,rv_tilde,-0.0226948568938155,-0.0432689485385247,0
36,abs_ofi_tilde,-0.00265515714192423,-0.0257685686428109,0
36,open_dummy,-0.0169276456118528,0.00560871729996524,0
36,close_dummy,-0.025763700288458,-0.039022828981843,0
37,depth_tilde,-0.0504951811181884,0.0413757698938916,0
37,rv_tilde,-0.0160490675591839,-0.0554262729021477,0
37,abs_ofi_tilde,-0.00200672385092863,-0.0330967248956361,0
37,open_dummy,-0.0378953380663551,-0.0163508044296741,0
37,close_dummy,-0.0140637250655815,-0.0433973731544321,0
38,depth_tilde,-0.0496311306000239,0.0424575845711613,0
38,rv_tilde,-0.0222296809892672,-0.053048285279393,0
38,abs_ofi_tilde,-0.00329235835848064,-0.0360588226411585,0
38,open_dummy,-0.0499918380746433,0.0169142631917738,0
38,close_dummy,-0.0268935621218778,-0.0327043351588544,0
39,depth_tilde,-0.0498312407448548,0.0412972364951784,0
39,rv_tilde,-0.0223284792653652,-0.0573103941956074,0
39,abs_ofi_tilde,0.00223005655117736,-0.0258472105441185,0
39,open_dummy,-0.0285901373910694,-0.00771538952281689,0
39,close_dummy,-0.0127686639985835,-0.0219855802662478,0
40,depth_tilde,-0.0485187808566741,0.045886657535569,0
40,rv_tilde,-0.0161219040162091,-0.0629001971113868,0
40,abs_ofi_tilde,0.0028111787343994,-0.0348435184968487,0
40,open_dummy,-0.0533488953146814,-0.0177222391956512,0
40,close_dummy,-0.0145096003511468,-0.039773326879096,0
41,depth_tilde,-0.0492058922551741,0.042202993263704,0
41,rv_tilde,-0.0186361294631803,-0.0589580755971443,0
41,abs_ofi_tilde,-0.00314316366796546,-0.039030456855393,0
41,open_dummy,-0.0349340951968707,-0.0134669143002156,0
41,close_dummy,-0.0149792568228515,-0.0374531049498926,0
42,depth_tilde,-0.0510356870393341,0.0446837719142389,0
42,rv_tilde,-0.0183987888081233,-0.0469127914494573,0
42,abs_ofi_tilde,0.00102173292077205,-0.0324167367547501,0
42,open_dummy,-0.0352415957654023,0.00438456592948468,0
42,close_dummy,-0.0214127416658577,-0.0359434269877732,0
43,depth_tilde,-0.0510342808011258,0.0399261862826373,0
43,rv_tilde,-0.0147249633187859,-0.0492327396621579,0
43,abs_ofi_tilde,-0.00223120863795354,-0.0406072238870389,0
43,open_dummy,-0.0351681219567926,-0.00943538857100529,0
43,close_dummy,-0.0200678782287772,-0.0467035865060005,0
44,depth_tilde,-0.0504793819547983,0.0420953532827419,0
44,rv_tilde,-0.0193324261383163,-0.057037800555957,0
44,abs_ofi_tilde,0.00370461087170851,-0.0167537758724088,0
44,open_dummy,-0.0174700757070356,-0.00877975207314962,0
44,close_dummy,-0.0155916019048273,-0.0216973526697412,0
45,depth_tilde,-0.051593887614445,0.0414911033563899,0
45,rv_tilde,-0.0213879223492401,-0.0567038054591992,0
45,abs_ofi_tilde,-0.000973743116686324,-0.0361697771882462,0
45,open_dummy,-0.035427061095575,-0.00793064315557014,0
45,close_dummy,-0.0194949399392091,-0.0325680222797824,0
46,depth_tilde,-0.0508465703378987,0.0435785806667716,0
46,rv_tilde,-0.0162589074197004,-0.0539213414395636,0
46,abs_ofi_tilde,-0.000887779103085409,-0.0368585132527821,0
46,open_dummy,-0.0342686320994264,-0.00833967012553491,0
46,close_dummy,-0.025422337575624,-0.0204273145122353,0
47,depth_tilde,-0.0500096048176847,0.0425105369279354,0
47,rv_tilde,-0.0178923263844465,-0.0526448306036992,0
47,abs_ofi_tilde,5.91558314505456e-05,-0.0415620693160169,0
47,open_dummy,-0.0230174836614614,-0.0150663450233222,0
47,close_dummy,-0.0260723212124091,-0.0329304765841271,0
48,depth_tilde,-0.0504125233783896,0.04317305675241,0
48,rv_tilde,-0.0174347870937661,-0.0542646390598858,0
48,abs_ofi_tilde,-0.00167064015907806,-0.0386440573212761,0
48,open_dummy,-0.0462977409142521,0.00169535471664269,0
48,close_dummy,-0.0348242666707994,-0.0116942547862417,0
49,depth_tilde,-0.0504422353279987,0.0423244145307047,0
49,rv_tilde,-0.0184304763718393,-0.05274868015953,0
49,abs_ofi_tilde,-0.0045678930159438,-0.0485086429543072,0
49,open_dummy,-0.0431244753030172,-0.0037309100508049,0
49,close_dummy,-0.030767302957294,-0.0110296061391455,0
50,depth_tilde,-0.04917307460698,0.045064247799568,0
50,rv_tilde,-0.0177483537396353,-0.0604467274327405,0
50,abs_ofi_tilde,0.000574111631698077,-0.0369408619015338,0
50,open_dummy,-0.0303932030765411,0.000476165633753709,0
50,close_dummy,-0.0292847490010554,-0.00945795022474212,0
51,depth_tilde,-0.050144814579665,0.0416112201823249,0
51,rv_tilde,-0.0244470664080195,-0.0538435890647331,0
51,abs_ofi_tilde,-0.00205796617833735,-0.0330478874774141,0
51,open_dummy,-0.0374782366371439,0.00410904247155726,0
51,close_dummy,-0.0296514828768087,-0.0215346480094405,0
52,depth_tilde,-0.0482042762486095,0.0449939348245675,0
52,rv_tilde,-0.0222776282877174,-0.054066727902822,0
52,abs_ofi_tilde,-0.00342590316774232,-0.0281281427024576,0
52,open_dummy,-0.0319003851464336,-0.000479221965632309,0
52,close_dummy,-0.0189115264315581,-0.0270679020067832,0
53,depth_tilde,-0.0498964849018328,0.0420322394927468,0
53,rv_tilde,-0.0203552785977372,-0.0493830868919258,0
53,abs_ofi_tilde,-0.00178668958699217,-0.0388377890346845,0
53,open_dummy,-0.0338654712350511,0.0104450712654802,0
53,close_dummy,-0.0303558834853159,-0.0308927813647734,0
54,depth_tilde,-0.0502387022176596,0.0388741396135902,0
54,rv_tilde,-0.0260070625851712,-0.0535643414869088,0
54,abs_ofi_tilde,-0.00449407341224891,-0.0312117743729308,0
54,open_dummy,-0.0404669733455164,-0.0257947573250231,0
54,close_dummy,-0.0212293366139905,-0.00976344631945761,0
55,depth_tilde,-0.0516951226457255,0.0434798347582202,0
55,rv_tilde,-0.0158689467768463,-0.052320770817341,0
55,abs_ofi_tilde,-0.00218586993871268,-0.0388849172026575,0
55,open_dummy,-0.0385811701846092,-0.00489400218023175,0
55,close_dummy,-0.0217537989177558,-0.0243745906833302,0
56,depth_tilde,-0.0501299623884175,0.0453530036547245,0
56,rv_tilde,-0.0135659864908159,-0.0585321200711419,0
56,abs_ofi_tilde,0.000229534976142107,-0.051277423307067,0
56,open_dummy,-0.0419761383868923,-0.005049047885097,0
56,close_dummy,-0.0169549429628036,-0.0412971449813255,0
57,depth_tilde,-0.0506229019375124,0.043256514272245,0
57,rv_tilde,-0.016770534897741,-0.057848918758725,0
57,abs_ofi_tilde,-0.00412113010754051,-0.0406561604993692,0
57,open_dummy,-0.0408518488712121,-0.00314471338547313,0
57,close_dummy,-0.0224499740044646,-0.0341683945312127,0
58,depth_tilde,-0.0497621960807802,0.0442957177228932,0
58,rv_tilde,-0.0256704404303374,-0.0480032156932923,0
58,abs_ofi_tilde,-0.00177427957652372,-0.0257099778835059,0
58,open_dummy,-0.0185539414783706,-0.0105320834867405,0
58,close_dummy,-0.0144832641315735,-0.0321357124003291,0
59,depth_tilde,-0.0498579735174392,0.0432850191315264,0
59,rv_tilde,-0.0191748179083767,-0.0469724110282722,0
59,abs_ofi_tilde,-0.00312873377308862,-0.0286155164665343,0
59,open_dummy,-0.031430906340674,0.00609530120501446,0
59,close_dummy,-0.0157039892790267,-0.00518082785974703,0
60,depth_tilde,-0.0509240235599889,0.0423709397581388,0
60,rv_tilde,-0.0265808527239749,-0.0381149648891479,0
60,abs_ofi_tilde,-0.0011575817363687,-0.0310799052843888,0
60,open_dummy,-0.035932847585346,0.023719185167503,0
60,close_dummy,-0.00517926612018931,-0.0237416222310184,0
61,depth_tilde,-0.049725583194742,0.0409760064233199,0
61,rv_tilde,-0.0200187522708978,-0.0558125588355461,0
61,abs_ofi_tilde,-0.00315869517778562,-0.0404644905689936,0
61,open_dummy,-0.0174294687858894,0.00645293751265362,0
61,close_dummy,-0.0288417191399004,-0.0283919243308639,0
62,depth_tilde,-0.0486298020763006,0.0446356386605118,0
62,rv_tilde,-0.0165292425527597,-0.0470770533345168,0
62,abs_ofi_tilde,-0.00207884717758032,-0.0489246901959073,0
62,open_dummy,-0.0412040070030673,0.0259807337856506,0
62,close_dummy,-0.0181030527100738,-0.0288049130876653,0
63,depth_tilde,-0.052236477577389,0.0433075246906973,0
63,rv_tilde,-0.0181011582279177,-0.0466066197600106,0
63,abs_ofi_tilde,-0.00179237435704896,-0.0278036734551936,0
63,open_dummy,-0.0276927548003715,0.0208452190473882,0
63,close_dummy,-0.0305244961291549,-0.016712896549979,0
64,depth_tilde,-0.0500719132692952,0.0438144509076239,0
64,rv_tilde,-0.0161126150883363,-0.0438501649149501,0
64,abs_ofi_tilde,-0.000189248340359502,-0.0344598737194211,0
64,open_dummy,-0.0392916270917758,-0.00587154650702909,0
64,close_dummy,-0.0165729678758574,-0.0446801499996472,0
65,depth_tilde,-0.0483025145108474,0.0404880416207987,0
65,rv_tilde,-0.0205590710617211,-0.0576537040359938,0
65,abs_ofi_tilde,-0.00148654000868054,-0.0475672234609385,0
65,open_dummy,-0.051300466857702,-0.0125853857444738,0
65,close_dummy,-0.018126984181913,-0.017351772216095,0
66,depth_tilde,-0.0509783851039799,0.0401821795184159,0
66,rv_tilde,-0.027311621267013,-0.0388844358746978,0
66,abs_ofi_tilde,-0.00680821813934221,-0.0288795984315424,0
66,open_dummy,-0.0339680629416037,-0.000519880835274507,0
66,close_dummy,-0.0279953339816749,-0.0237495959795493,0
67,depth_tilde,-0.0502776922847934,0.0412955951818756,0
67,rv_tilde,-0.0198328640336087,-0.0551048732728393,0
67,abs_ofi_tilde,-0.0032885529404274,-0.0341002051945389,0
67,open_dummy,-0.0355995366351442,0.0109738120806316,0
67,close_dummy,-0.0197740162234714,-0.02401289051065,0
68,depth_tilde,-0.0488540059863709,0.0433938766730206,0
68,rv_tilde,-0.0225306367581352,-0.0524538371959511,0
68,abs_ofi_tilde,-0.00393600369705614,-0.0212842681989263,0
68,open_dummy,-0.0166343019689671,-0.0144871879593066,0
68,close_dummy,-0.0141402193886256,-0.0446674233300738,0
69,depth_tilde,-0.0505007311083276,0.043437477759657,0
69,rv_tilde,-0.0223151674742427,-0.0577880447824653,0
69,abs_ofi_tilde,0.000167265908355073,-0.0215934719588248,0
69,open_dummy,-0.0298252131476755,0.00688873010063855,0
69,close_dummy,-0.0189262528053416,-0.0308713226295704,0
70,depth_tilde,-0.0521514150714961,0.0411391520275386,0
70,rv_tilde,-0.018686665705565,-0.0533568628859574,0
70,abs_ofi_tilde,-0.000455425081175291,-0.0327873308886362,0
70,open_dummy,-0.0508790784944332,0.031687410084689,0
70,close_dummy,-0.0299914743170213,-0.00976767084357019,0
71,depth_tilde,-0.0504693149614919,0.0418376724277434,0
71,rv_tilde,-0.0237394718758136,-0.0515308989866002,0
71,abs_ofi_tilde,-0.00258129242121124,-0.0223842178758596,0
71,open_dummy,-0.0286550564590059,0.0077600978995876,0
71,close_dummy,-0.0259635150460581,-0.0223987876609258,0
72,depth_tilde,-0.0486325185621252,0.040891475255793,0
72,rv_tilde,-0.0261500968303319,-0.0507799217010881,0
72,abs_ofi_tilde,-0.00357716441955552,-0.0243928206657803,0
72,open_dummy,-0.0265518768966526,-0.00791750869874852,0
72,close_dummy,-0.0207290916333569,-0.0248849716024448,0
73,depth_tilde,-0.0498329171239521,0.042984254118666,0
73,rv_tilde,-0.0207530701967435,-0.0546569421979629,0
73,abs_ofi_tilde,-0.00355102700217745,-0.0332962834715898,0
73,open_dummy,-0.0187029778203304,-0.0142066412939068,0
73,close_dummy,-0.016427416861661,-0.0250179235094647,0
74,depth_tilde,-0.0492236120767087,0.0430906982437169,0
74,rv_tilde,-0.0244003857084696,-0.0523237257718689,0
74,abs_ofi_tilde,-0.00108929946544627,-0.0292565872501582,0
74,open_dummy,-0.0264298128223053,0.00123769661903497,0
74,close_dummy,-0.021987836962675,-0.024274669138709,0
75,depth_tilde,-0.0498393543304772,0.0451980356820178,0
75,rv_tilde,-0.021201364984847,-0.0498393712177816,0
75,abs_ofi_tilde,-0.00324313907701031,-0.0366254669159661,0
75,open_dummy,-0.0383007078769957,0.0152595856695049,0
75,close_dummy,-0.0228057131639151,-0.0172979655083392,0
76,depth_tilde,-0.0497330011016267,0.0418114128736926,0
76,rv_tilde,-0.0212223490268733,-0.0617489865763121,0
76,abs_ofi_tilde,-0.0040893121404942,-0.0369649275048493,0
76,open_dummy,-0.0410483393033287,0.000607742912632507,0
76,close_dummy,-0.0243379558305861,-0.0208860561721955,0
77,depth_tilde,-0.0494740039064758,0.0423193272133741,0
77,rv_tilde,-0.0211241565996937,-0.0577653790508396,0
77,abs_ofi_tilde,-0.000407004045339718,-0.0301676047491395,0
77,open_dummy,-0.0257868967588079,-0.00321333579797308,0
77,close_dummy,-0.0198208420981276,-0.0227427063340113,0
78,depth_tilde,-0.0506147747059203,0.039992427355167,0
78,rv_tilde,-0.0173467835716261,-0.0518220751738498,0
78,abs_ofi_tilde,-0.000195169852165012,-0.0298912410403551,0
78,open_dummy,-0.0456826229860839,0.0212805747257087,0
78,close_dummy,-0.0309920186831655,-0.0191184516442958,0
79,depth_tilde,-0.0493454785578783,0.0432413670923928,0
79,rv_tilde,-0.0168146203872706,-0.056166785195861,0
79,abs_ofi_tilde,0.00322024726782167,-0.0327949266672074,0
79,open_dummy,-0.0377719747940203,-0.00830475891570286,0
79,close_dummy,-0.0167388409899867,-0.0368530869702538,0
80,depth_tilde,-0.0509612921365385,0.0414069241005129,0
80,rv_tilde,-0.0183184566653047,-0.0474273480230928,0
80,abs_ofi_tilde,-0.000407507185069607,-0.0314237878950563,0
80,open_dummy,-0.0377701035998523,-0.00581445595359281,0
80,close_dummy,-0.0234469049310171,-0.018502941683087,0
81,depth_tilde,-0.050952252043799,0.0426017192921584,0
81,rv_tilde,-0.0178219600451017,-0.0532784397817632,0
81,abs_ofi_tilde,0.00267400504280947,-0.0307574965750973,0
81,open_dummy,-0.0376192830679902,0.0122094010766926,0
81,close_dummy,-0.0202180361069005,-0.029426042259154,0
82,depth_tilde,-0.0477457147321425,0.0441197584206801,0
82,rv_tilde,-0.0148604084249351,-0.0598477292087351,0
82,abs_ofi_tilde,0.000832919826601197,-0.0456191835485654,0
82,open_dummy,-0.0377024954526497,0.00643319366580004,0
82,close_dummy,-0.0284488099961803,-0.0314161027225084,0
83,depth_tilde,-0.0485480373700334,0.0411445785474868,0
83,rv_tilde,-0.0215014377355878,-0.0636257294333378,0
83,abs_ofi_tilde,-0.00267243142570168,-0.0449027224460966,0
83,open_dummy,-0.0509887498668819,0.0202792509092645,0
83,close_dummy,-0.0245221772974276,-0.011339108438395,0
84,depth_tilde,-0.0510285239023234,0.0420633703295208,0
84,rv_tilde,-0.0231349051917298,-0.0540881451908041,0
84,abs_ofi_tilde,0.000642418778550845,-0.0266798019240813,0
84,open_dummy,-0.046562905644958,0.0053410970102483,0
84,close_dummy,-0.01565556623072,-0.00855050033439785,0
85,depth_tilde,-0.0495193797354656,0.0421172041922967,0
85,rv_tilde,-0.0215355704860583,-0.0578971233173212,0
85,abs_ofi_tilde,-0.00166478141913936,-0.0277380544985289,0
85,open_dummy,-0.0359430674113141,-0.00919392762140925,0
85,close_dummy,-0.0185725904445488,-0.00836131590821024,0
86,depth_tilde,-0.0510700504185825,0.0426541885917282,0
86,rv_tilde,-0.020109665389633,-0.054567059824588,0
86,abs_ofi_tilde,0.00139478184904553,-0.0278697259962026,0
86,open_dummy,-0.023286040177469,-0.0190466096900009,0
86,close_dummy,-0.0289108325034557,-0.021217108886727,0
87,depth_tilde,-0.0518270693370008,0.0415107973861532,0
87,rv_tilde,-0.019326034974246,-0.0527235928882127,0
87,abs_ofi_tilde,-0.0024767315614421,-0.0268927970986482,0
87,open_dummy,-0.0378210325947991,-0.0087139096543341,0
87,close_dummy,-0.0273046848719999,-0.0158584210317543,0
88,depth_tilde,-0.0497207652914832,0.0465217888886764,0
88,rv_tilde,-0.0147068346954901,-0.0575494466046327,0
88,abs_ofi_tilde,-0.000720805926038079,-0.0455477317414299,0
88,open_dummy,-0.0315028331523034,-0.0187907054290034,0
88,close_dummy,-0.0186845978469012,-0.0313904712857083,0
89,depth_tilde,-0.0504995758539272,0.042029135653951,0
89,rv_tilde,-0.018004479728367,-0.062368307093384,0
89,abs_ofi_tilde,-0.00175778938367678,-0.0271111329481126,0
89,open_dummy,-0.0345175751000711,0.000460898521466289,0
89,close_dummy,-0.0242483025290704,-0.0404223626117093,0
90,depth_tilde,-0.0477579626130702,0.0453823059483879,0
90,rv_tilde,-0.0176523087125691,-0.0562524691534126,0
90,abs_ofi_tilde,-0.00163279487592027,-0.044763736348482,0
90,open_dummy,-0.0192507065902663,-0.021631732630333,0
90,close_dummy,-0.0119640259556209,-0.043259758438406,0
91,depth_tilde,-0.0497234822977233,0.0457895849708845,0
91,rv_tilde,-0.0187071730410677,-0.0554986682080987,0
91,abs_ofi_tilde,0.00107085633968264,-0.0375778104141167,0
91,open_dummy,-0.036456768641981,-0.0174876650607623,0
91,close_dummy,-0.025790078898299,-0.0292550356039712,0
92,depth_tilde,-0.0502627787782754,0.0441033578177227,0
92,rv_tilde,-0.0164516862045726,-0.053823989852676,0
92,abs_ofi_tilde,-0.00307739426354468,-0.0353683723173737,0
92,open_dummy,-0.0273732607429998,-0.00752247290546496,0
92,close_dummy,-0.0141268948685866,-0.0139454328055045,0
93,depth_tilde,-0.0520336641438098,0.0430654161574724,0
93,rv_tilde,-0.022041262462212,-0.0452633274364312,0
93,abs_ofi_tilde,-0.000175197162368336,-0.0321803831766722,0
93,open_dummy,-0.0482058271162733,-0.00780841676536028,0
93,close_dummy,-0.0200904172803023,-0.0304656802916204,0
94,depth_tilde,-0.0483481746304723,0.0441950256254482,0
94,rv_tilde,-0.0179660363777267,-0.0543093160834067,0
94,abs_ofi_tilde,-0.00636205312582948,-0.0457136382457202,0
94,open_dummy,-0.051270532066261,-0.00412415299418702,0
94,close_dummy,-0.0236950006888308,-0.0266271558930292,0
95,depth_tilde,-0.0507029903648076,0.043227450431163,0
95,rv_tilde,-0.019183388979731,-0.0558124874416087,0
95,abs_ofi_tilde,0.000890346914034299,-0.0225249624733001,0
95,open_dummy,-0.0463845911672545,0.0111229748847964,0
95,close_dummy,-0.0342924409338594,-0.0132901370904048,0
96,depth_tilde,-0.0485192045536465,0.041370343772276,0
96,rv_tilde,-0.0186095642056703,-0.0536770725446047,0
96,abs_ofi_tilde,0.00161643377971661,-0.036491338041087,0
96,open_dummy,-0.0480671261514521,-0.0177949942784949,0
96,close_dummy,-0.0286122549721481,-0.0370632567326399,0
97,depth_tilde,-0.050913428682887,0.0432110307305871,0
97,rv_tilde,-0.0187588985500147,-0.0522214279070219,0
97,abs_ofi_tilde,-0.000437151092648455,-0.0313402862037974,0
97,open_dummy,-0.0293097718514497,0.00379110554758318,0
97,close_dummy,-0.0172037220822385,-0.0304315416271468,0
98,depth_tilde,-0.0484057818296487,0.0439542092169354,0
98,rv_tilde,-0.0229320929541077,-0.0565424254711038,0
98,abs_ofi_tilde,0.000267920262195696,-0.0310264493558865,0
98,open_dummy,-0.0489707477126945,-0.00841431291933172,0
98,close_dummy,-0.0346506075307797,-0.0147151136739081,0
99,depth_tilde,-0.0502624939828771,0.0423313057788514,0
99,rv_tilde,-0.022103190210827,-0.0573370022926876,0
99,abs_ofi_tilde,-0.00289168839149925,-0.0292618455343031,0
99,open_dummy,-0.0276884628125604,0.0173659133035946,0
99,close_dummy,-0.0248179096305093,-0.0310304061576906,0
100,depth_tilde,-0.0529810627197884,0.0416677485340156,0
100,rv_tilde,-0.0214028927022292,-0.0593765922323886,0
100,abs_ofi_tilde,0.000153631050072954,-0.0367915150140123,0
100,open_dummy,-0.0357231156311849,0.0036368546650972,0
100,close_dummy,-0.025129556742044,-0.00850096113016561,0
101,depth_tilde,-0.0531971163413371,0.0410832790517534,0
101,rv_tilde,-0.0215644017878143,-0.053066759185465,0
101,abs_ofi_tilde,-0.00297114504076863,-0.0215578755094041,0
101,open_dummy,-0.0262189886960555,0.0131534818255271,0
101,close_dummy,-0.0275565638254543,-0.0159875987325069,0
102,depth_tilde,-0.0511339574665279,0.0421520794064378,0
102,rv_tilde,-0.0205190371638551,-0.0495455028788352,0
102,abs_ofi_tilde,9.78075577861213e-05,-0.0299315471696501,0
102,open_dummy,-0.0297276719777953,0.000781810559166436,0
102,close_dummy,-0.0211939102003863,-0.0283998760325685,0
103,depth_tilde,-0.0514915583512608,0.0428672345119147,0
103,rv_tilde,-0.0175487053401861,-0.0572187845426438,0
103,abs_ofi_tilde,-0.000116009544002802,-0.035717183856479,0
103,open_dummy,-0.0401766600393422,0.0102515022074319,0
103,close_dummy,-0.0248664762384558,-0.0123591966724772,0
104,depth_tilde,-0.0509054150423614,0.0420055130492171,0
104,rv_tilde,-0.0131635797353668,-0.0547001823634141,0
104,abs_ofi_tilde,0.00155104797863617,-0.0438531716098733,0
104,open_dummy,-0.0356211624003637,-0.00134467322591898,0
104,close_dummy,-0.0345070225814927,-0.026302991677091,0
105,depth_tilde,-0.0502335243241183,0.0447560493014524,0
105,rv_tilde,-0.0159948027073813,-0.0512387031088087,0
105,abs_ofi_tilde,0.00408214576198741,-0.0284418527219548,0
105,open_dummy,-0.0336997078455917,-0.00703175112620928,0
105,close_dummy,-0.0135192566658852,-0.0177041784920994,0
106,depth_tilde,-0.0519996752541638,0.0405490426490815,0
106,rv_tilde,-0.0174038693609024,-0.0496009004757054,0
106,abs_ofi_tilde,-0.0066800246399425,-0.0320698870038301,0
106,open_dummy,-0.0218729530942582,0.00791753766177537,0
106,close_dummy,-0.0182714333031274,-0.0196030237609803,0
107,depth_tilde,-0.0506220996328558,0.0429085381266793,0
107,rv_tilde,-0.0183972238054124,-0.0562262253738667,0
107,abs_ofi_tilde,-0.000318113554298647,-0.0377962672116629,0
107,open_dummy,-0.0550878592697371,0.000529348511311996,0
107,close_dummy,-0.0112205032263969,-0.0418413330842262,0
108,depth_tilde,-0.0499498950621884,0.0420015087337505,0
108,rv_tilde,-0.0220841117930987,-0.051530337318215,0
108,abs_ofi_tilde,-0.00444434410012671,-0.032893573473266,0
108,open_dummy,-0.0412106692750741,0.00440235716646357,0
108,close_dummy,-0.0190729516027531,-0.0222847775181206,0
109,depth_tilde,-0.0484200135598308,0.0438780100157338,0
109,rv_tilde,-0.0165221448803361,-0.0623175350708288,0
109,abs_ofi_tilde,-0.000961711095086338,-0.0398850150814983,0
109,open_dummy,-0.0318114740664019,-0.0120535283731266,0
109,close_dummy,-0.0197652189470552,-0.0216929802314645,0
110,depth_tilde,-0.0489695371305417,0.0436283710572808,0
110,rv_tilde,-0.0174188765018125,-0.0581104784580566,0
110,abs_ofi_tilde,0.000553717085964951,-0.0342281158470581,0
110,open_dummy,-0.0336645328882137,-0.0237894712706556,0
110,close_dummy,-0.0229757826023865,-0.0398723908638794,0
111,depth_tilde,-0.0486686334653948,0.0415184216898188,0
111,rv_tilde,-0.0216803651640319,-0.0514186483122094,0
111,abs_ofi_tilde,-0.00324360211854099,-0.0291605964932399,0
111,open_dummy,-0.0315404987512076,0.00209919898864908,0
111,close_dummy,-0.010477805558062,-0.0348780265258164,0
112,depth_tilde,-0.0513762059969395,0.0438280824181433,0
112,rv_tilde,-0.0182561271614042,-0.052794155509991,0
112,abs_ofi_tilde,0.00166859926019049,-0.0368644380768981,0
112,open_dummy,-0.0475267554410249,-0.0194365781052621,0
112,close_dummy,-0.0182338170154282,-0.011979189062834,0
113,depth_tilde,-0.0496962556278168,0.0426879909622693,0
113,rv_tilde,-0.0234223497120249,-0.0552239377718517,0
113,abs_ofi_tilde,0.00142003268858175,-0.0251873106302407,0
113,open_dummy,-0.0272827207317578,-0.00588267934188386,0
113,close_dummy,-0.0170119176742329,-0.0295914347394363,0
114,depth_tilde,-0.0496460934536538,0.0416387702602478,0
114,rv_tilde,-0.0187285930559917,-0.0617963963061161,0
114,abs_ofi_tilde,0.00124134107531218,-0.0322008540909561,0
114,open_dummy,-0.0363635486560917,-0.0126079444692218,0
114,close_dummy,-0.0298368524096843,-0.0114955216676368,0
115,depth_tilde,-0.0515556554552831,0.0401239784262308,0
115,rv_tilde,-0.021024969853024,-0.0565422087941304,0
115,abs_ofi_tilde,-0.00021567584882239,-0.0281177123615754,0
115,open_dummy,-0.0264847625756782,0.00247639276955486,0
115,close_dummy,-0.0415410810685395,-0.0104501189262188,0
116,depth_tilde,-0.0494853121524559,0.0427001298123674,0
116,rv_tilde,-0.0249715908872215,-0.0539901542211558,0
116,abs_ofi_tilde,-0.00417973561750701,-0.0295275317559992,0
116,open_dummy,-0.0317981280145747,-0.0293555317671804,0
116,close_dummy,-0.0172563667183858,-0.0150385258751115,0
117,depth_tilde,-0.0485540862552355,0.0400194208048983,0
117,rv_tilde,-0.0202458329331769,-0.0519270806249563,0
117,abs_ofi_tilde,-0.00327702727007192,-0.0381633612902552,0
117,open_dummy,-0.0256129155524724,-0.000743543763796413,0
117,close_dummy,-0.00557788215744544,-0.0355627623439906,0
118,depth_tilde,-0.0505722090306145,0.0404595433203669,0
118,rv_tilde,-0.0209395334935254,-0.0456070545781033,0
118,abs_ofi_tilde,-0.0063624823314128,-0.0397757137731812,0
118,open_dummy,-0.0433173321769922,-0.00559797215845267,0
118,close_dummy,-0.0263600648370551,-0.0224322976755743,0
119,depth_tilde,-0.051736312322079,0.0399132771612359,0
119,rv_tilde,-0.0172363183365179,-0.0600473719502223,0
119,abs_ofi_tilde,0.00143623110340714,-0.0344537959946275,0
119,open_dummy,-0.0203350909561838,-0.0120134870056339,0
119,close_dummy,-0.0201690733781733,-0.0313616243662719,0
120,depth_tilde,-0.0509516133236572,0.0432569272900505,0
120,rv_tilde,-0.0186985504174103,-0.0496023609425922,0
120,abs_ofi_tilde,-0.000623788106852553,-0.0389528537963172,0
120,open_dummy,-0.0262836784494535,-0.021514681723757,0
120,close_dummy,-0.0202146958272023,-0.029238770299096,0
121,depth_tilde,-0.0510425725333867,0.0399686434954428,0
121,rv_tilde,-0.0203812913147675,-0.0551374136745346,0
121,abs_ofi_tilde,-0.00484897693689503,-0.0351943502484046,0
121,open_dummy,-0.0219193325830385,0.0122237164882107,0
121,close_dummy,-0.0118342617634837,-0.0281391355004305,0
122,depth_tilde,-0.050007314009722,0.0425109592960754,0
122,rv_tilde,-0.0199593454178765,-0.0589220294872197,0
122,abs_ofi_tilde,-0.000917328137397932,-0.0354856533034028,0
122,open_dummy,-0.0482140040097994,-0.00991496356291417,0
122,close_dummy,-0.0150265086957647,-0.0383584170249765,0
123,depth_tilde,-0.0505623960759424,0.0420672653214976,0
123,rv_tilde,-0.0124633772216529,-0.0520250284253816,0
123,abs_ofi_tilde,0.00266551622828506,-0.0396447980057604,0
123,open_dummy,-0.0340470792189405,0.00457813414700548,0
123,close_dummy,-0.0286887425144129,-0.030857396710725,0
124,depth_tilde,-0.0518966609090114,0.0415274789452899,0
124,rv_tilde,-0.0148188260758716,-0.0543190791384157,0
124,abs_ofi_tilde,-0.000706217906471671,-0.0366201716079104,0
124,open_dummy,-0.0176454278394449,-0.0145481009753641,0
124,close_dummy,-0.0195036499828259,-0.0177882822785649,0
125,depth_tilde,-0.0487270180779797,0.0417303495940422,0
125,rv_tilde,-0.0196811662423853,-0.0589474171473187,0
125,abs_ofi_tilde,-0.00251219537915161,-0.0342795363802561,0
125,open_dummy,-0.0548137698790794,0.00728667215412345,0
125,close_dummy,-0.0230222346572375,-0.0230948708712454,0
126,depth_tilde,-0.050079871252624,0.0419788229730921,0
126,rv_tilde,-0.0181951845884103,-0.0578201959962282,0
126,abs_ofi_tilde,-0.00024755075803475,-0.0267560672182675,0
126,open_dummy,-0.0398802185390232,-0.0109648751608823,0
126,close_dummy,-0.028200925146601,-0.0212012132707296,0
127,depth_tilde,-0.0496817388477002,0.0403369192923106,0
127,rv_tilde,-0.0231297663878977,-0.0534684208598229,0
127,abs_ofi_tilde,-0.0047876480210376,-0.0298305527107465,0
127,open_dummy,-0.020705710394076,0.0113256931400987,0
127,close_dummy,-0.0286504801732055,-0.0262031298690481,0
128,depth_tilde,-0.0486114168934526,0.0426936132038038,0
128,rv_tilde,-0.0205731867705883,-0.0582173267075743,0
128,abs_ofi_tilde,-0.00257003586894781,-0.0420822541704339,0
128,open_dummy,-0.0364435997225964,-0.0099061645678806,0
128,close_dummy,-0.0263221973806888,-0.0172486420931461,0
129,depth_tilde,-0.0463010439428182,0.0459750656904728,0
129,rv_tilde,-0.0193244449096432,-0.0452975481784872,0
129,abs_ofi_tilde,-0.00567792998943683,-0.042171285087068,0
129,open_dummy,-0.0330681904979894,-0.031366416155212,0
129,close_dummy,-0.0196135646634155,-0.0315598397603188,0
130,depth_tilde,-0.0499131108774537,0.0379570864964702,0
130,rv_tilde,-0.0209882205923112,-0.0602434894442748,0
130,abs_ofi_tilde,-0.00249250912212498,-0.0335214854611497,0
130,open_dummy,-0.03350234481389,-0.0066452302722609,0
130,close_dummy,-0.0336240684858366,-0.0244469971581526,0
131,depth_tilde,-0.0514103701863942,0.044279139350991,0
131,rv_tilde,-0.0218162584502561,-0.0505393631620281,0
131,abs_ofi_tilde,-0.00292460339086113,-0.0362651033888206,0
131,open_dummy,-0.0607863965096398,-0.00259933477638234,0
131,close_dummy,-0.0247212630555161,-0.0274405074842965,0
132,depth_tilde,-0.0491568170897958,0.0402491624648183,0
132,rv_tilde,-0.0217437141619454,-0.0561610558553052,0
132,abs_ofi_tilde,-0.00595474796952962,-0.0332743989565381,0
132,open_dummy,-0.0463998761627435,-0.0245203646648236,0
132,close_dummy,-0.0246096250949418,-0.0118657251645452,0
133,depth_tilde,-0.0487790073541223,0.0439735720172114,0
133,rv_tilde,-0.01413694621833,-0.0564692339332123,0
133,abs_ofi_tilde,0.00129554536881168,-0.0504234222171441,0
133,open_dummy,-0.0307916459034543,-0.0150116573663605,0
133,close_dummy,-0.0201049520416655,-0.0411680697009986,0
134,depth_tilde,-0.0493863230665608,0.0417518099038871,0
134,rv_tilde,-0.0149919779565414,-0.0529322669532327,0
134,abs_ofi_tilde,0.000830283349254443,-0.0423947478411572,0
134,open_dummy,-0.0270371626863125,0.00282938954929372,0
134,close_dummy,-0.0205161265172598,-0.0399787762617688,0
135,depth_tilde,-0.0506110664915295,0.0446162213615304,0
135,rv_tilde,-0.0217729465752189,-0.0557790069178762,0
135,abs_ofi_tilde,0.000101383846147803,-0.0312219713393582,0
135,open_dummy,-0.0331699865958867,0.0145528332817774,0
135,close_dummy,-0.0211663335043092,-0.0282199081984928,0
136,depth_tilde,-0.049310136835407,0.043850222611051,0
136,rv_tilde,-0.0153645093648654,-0.0570204037523831,0
136,abs_ofi_tilde,-0.00393085292114987,-0.0408355546075901,0
136,open_dummy,-0.0355130107892055,0.00408087357864575,0
136,close_dummy,-0.0141319245783262,-0.040307942611196,0
137,depth_tilde,-0.0483604942201402,0.0436196037010661,0
137,rv_tilde,-0.0178886788328969,-0.0567229278884813,0
137,abs_ofi_tilde,0.000427376920655591,-0.0351340367582128,0
137,open_dummy,-0.0349433109312723,-0.00720707121633092,0
137,close_dummy,-0.0254785553770205,-0.02995015456797,0
138,depth_tilde,-0.0505317063211145,0.0413204113625337,0
138,rv_tilde,-0.0193029860082478,-0.045913086169048,0
138,abs_ofi_tilde,0.000575588322101208,-0.0310069942767784,0
138,open_dummy,-0.0364283120313354,0.000279188740299473,0
138,close_dummy,-0.0255009376884667,-0.0171277594364889,0
139,depth_tilde,-0.0502213993043611,0.0416414556755332,0
139,rv_tilde,-0.0209201738461985,-0.050027413468079,0
139,abs_ofi_tilde,-0.00315312681141193,-0.0324552336738283,0
139,open_dummy,-0.0314470646277912,-0.0164162728512941,0
139,close_dummy,-0.0132172741235053,-0.0294962282206488,0
140,depth_tilde,-0.0527781200112708,0.0394896227549569,0
140,rv_tilde,-0.0190087862941776,-0.0526494316343955,0
140,abs_ofi_tilde,-0.00304566634098487,-0.0350109383504759,0
140,open_dummy,-0.0584822744756515,0.00686220912999238,0
140,close_dummy,-0.0251387989129183,-0.0127261694762525,0
141,depth_tilde,-0.0505538263854883,0.0447441146792827,0
141,rv_tilde,-0.0202470154854204,-0.0597598978309509,0
141,abs_ofi_tilde,0.00093128773198122,-0.0196805666451724,0
141,open_dummy,-0.0198991271212701,-0.0115773144202188,0
141,close_dummy,-0.0198052329028604,-0.0240564868374062,0
142,depth_tilde,-0.0518669065399928,0.0414787396998765,0
142,rv_tilde,-0.0147841234593554,-0.0488539091613243,0
142,abs_ofi_tilde,0.00180583161541227,-0.0254459292841014,0
142,open_dummy,-0.0280170765872411,-0.0115824154848717,0
142,close_dummy,-0.0238876518388604,-0.00618382919072333,0
143,depth_tilde,-0.0508324250469145,0.0433519790659867,0
143,rv_tilde,-0.0141929910110263,-0.0537447477377726,0
143,abs_ofi_tilde,-0.000337954875184724,-0.043611403702805,0
143,open_dummy,-0.035504855648359,-0.0231466525358595,0
143,close_dummy,-0.0242262601323342,-0.0292103003009023,0
144,depth_tilde,-0.0506869237735437,0.0414726537981289,0
144,rv_tilde,-0.0184603710032026,-0.0547559811430518,0
144,abs_ofi_tilde,-0.00103935580936607,-0.0368845050487808,0
144,open_dummy,-0.0399374859959904,-0.00352943407977577,0
144,close_dummy,-0.0202397155291991,0.00591294423817564,0
145,depth_tilde,-0.049826995095837,0.0445000410765992,0
145,rv_tilde,-0.0187201650251273,-0.0475617257187263,0
145,abs_ofi_tilde,0.00259317798287164,-0.0272739019990933,0
145,open_dummy,-0.0488733571348911,-0.0232214149847277,0
145,close_dummy,-0.0182324587340855,-0.0152323569406959,0
146,depth_tilde,-0.0529785964310208,0.040777812251079,0
146,rv_tilde,-0.0117871270641561,-0.0487562068430288,0
146,abs_ofi_tilde,-0.00232920502063002,-0.0458487854717907,0
146,open_dummy,-0.0363648059346302,-0.00501530420912733,0
146,close_dummy,-0.0301275548342829,-0.0358094559797211,0
147,depth_tilde,-0.048686461891369,0.0402301871187546,0
147,rv_tilde,-0.0186264410663289,-0.0463475330470095,0
147,abs_ofi_tilde,-0.0023548761836883,-0.0262804870232482,0
147,open_dummy,-0.0132994368786691,-0.0381026161424421,0
147,close_dummy,-0.0246442101136314,-0.0271641975996982,0
148,depth_tilde,-0.0496527684773774,0.0432928402374284,0
148,rv_tilde,-0.0227097618650458,-0.0476631311160608,0
148,abs_ofi_tilde,-0.00432899808893088,-0.0408580402816314,0
148,open_dummy,-0.0373616223822765,0.00480535891707924,0
148,close_dummy,-0.0240498923405554,-0.0286295136874517,0
149,depth_tilde,-0.0515542515851509,0.0418710403561697,0
149,rv_tilde,-0.0252741247608384,-0.0482429416901383,0
149,abs_ofi_tilde,-0.00478844218652101,-0.0292471153028237,0
149,open_dummy,-0.042721978349486,0.00425355280493347,0
149,close_dummy,-0.0254078140583267,-0.0157924382761555,0
150,depth_tilde,-0.0504950620961962,0.042227596619014,0
150,rv_tilde,-0.0165511842396351,-0.0544214118645072,0
150,abs_ofi_tilde,0.000675400065294173,-0.0332839860913302,0
150,open_dummy,-0.0412401691508403,-0.0195762533206173,0
150,close_dummy,-0.0150392226500754,-0.0149385449805296,0
151,depth_tilde,-0.0475161638172623,0.0427275047488639,0
151,rv_tilde,-0.020968889139129,-0.0605594711577951,0
151,abs_ofi_tilde,-0.00194416110883024,-0.0393179576906462,0
151,open_dummy,-0.0362731955963319,-0.0196796857861888,0
151,close_dummy,-0.0255855629824709,-0.0355683114421823,0
152,depth_tilde,-0.0496512781908219,0.0413126378499378,0
152,rv_tilde,-0.0227993493333829,-0.0491726190434593,0
152,abs_ofi_tilde,-0.00343841353569434,-0.032764122320648,0
152,open_dummy,-0.0210366391508093,-0.005653344390103,0
152,close_dummy,-0.0248366996859402,-0.0175007217538457,0
153,depth_tilde,-0.0507761545901151,0.0404379104648835,0
153,rv_tilde,-0.0216074407178326,-0.0594193623463202,0
153,abs_ofi_tilde,-0.00359189524119457,-0.0301231401348009,0
153,open_dummy,-0.0320991876968521,-0.00230906876389856,0
153,close_dummy,-0.0116084314012918,-0.0273459575047917,0
154,depth_tilde,-0.0490276163274399,0.0426918971849308,0
154,rv_tilde,-0.0171951156510835,-0.0525304868212479,0
154,abs_ofi_tilde,-0.00220851761132668,-0.0506070755298496,0
154,open_dummy,-0.0470567022639285,-0.0130956760756607,0
154,close_dummy,-0.0155952110337219,-0.0331763809561609,0
155,depth_tilde,-0.0479043817111558,0.04171567242027,0
155,rv_tilde,-0.0188975609871714,-0.0610810675246785,0
155,abs_ofi_tilde,-0.00368302682101109,-0.0506012016519534,0
155,open_dummy,-0.0300107073903582,-0.0123872822866039,0
155,close_dummy,-0.0217821373199812,-0.0203161677228921,0
156,depth_tilde,-0.0492404304847595,0.0425499848924773,0
156,rv_tilde,-0.0215410540251229,-0.0525616711971665,0
156,abs_ofi_tilde,0.000976073771966481,-0.0263170408422511,0
156,open_dummy,-0.0351094014632803,0.0264067053964596,0
156,close_dummy,-0.0196969675660851,-0.0173347410217506,0
157,depth_tilde,-0.0521433234738613,0.0410038167912434,0
157,rv_tilde,-0.0198751028967728,-0.0617142157454582,0
157,abs_ofi_tilde,-0.000636005980099415,-0.0306220459888575,0
157,open_dummy,-0.0107842561717753,0.0271241692488024,0
157,close_dummy,-0.0309762369876793,0.00188088905806963,0
158,depth_tilde,-0.0502798732748909,0.0410485721280278,0
158,rv_tilde,-0.0143144966425341,-0.0539524280464875,0
158,abs_ofi_tilde,-0.00135994256102912,-0.034579692150121,0
158,open_dummy,-0.042365522841625,-0.00799685230857136,0
158,close_dummy,-0.0286988937081706,-0.0222421611426084,0
159,depth_tilde,-0.0532633646328152,0.0394704980628653,0
159,rv_tilde,-0.0218055829454934,-0.0492072062158198,0
159,abs_ofi_tilde,-0.00304604498229781,-0.0294672436178959,0
159,open_dummy,-0.023397661979207,-0.0103015996650606,0
159,close_dummy,-0.0202559355933469,-0.0190015459285806,0
160,depth_tilde,-0.0500232511847397,0.0416898596900606,0
160,rv_tilde,-0.0216556978804073,-0.0496975473483887,0
160,abs_ofi_tilde,0.000822246573280777,-0.0271340603401976,0
160,open_dummy,-0.0354851031866319,0.0209022249784359,0
160,close_dummy,-0.0288697171018568,-0.022586567882457,0
161,depth_tilde,-0.0512788239923481,0.0412218496226112,0
161,rv_tilde,-0.0209088773644696,-0.0597402029985047,0
161,abs_ofi_tilde,-0.0028252009184223,-0.0291735677987797,0
161,open_dummy,-0.03961363252048,-0.00138223928242662,0
161,close_dummy,-0.0219389225250436,-0.0135682119314228,0
162,depth_tilde,-0.0507294846991454,0.0421755043077729,0
162,rv_tilde,-0.0211601381955075,-0.0487398756124355,0
162,abs_ofi_tilde,-0.0026378812402998,-0.0294837660695827,0
162,open_dummy,-0.0335953007941306,-8.66358119047763e-05,0
162,close_dummy,-0.0319189694100014,-0.0284710293879654,0
163,depth_tilde,-0.050892812556374,0.0417541582211343,0
163,rv_tilde,-0.0203449283331049,-0.0499348335869119,0
163,abs_ofi_tilde,-0.00316850153751467,-0.0328972330807908,0
163,open_dummy,-0.0364747077412065,0.0229767972921311,0
163,close_dummy,-0.0204019896841012,-0.00888677066313365,0
164,depth_tilde,-0.0501142984941897,0.043526817450834,0
164,rv_tilde,-0.0222083358487507,-0.0557018265780402,0
164,abs_ofi_tilde,-0.00345852311434229,-0.0358733168330005,0
164,open_dummy,-0.0378556040064824,0.0284584366203381,0
164,close_dummy,-0.0122519004048729,-0.0233840951609714,0
165,depth_tilde,-0.0506093332451964,0.0456733576849419,0
165,rv_tilde,-0.0197550512030103,-0.0461043064194362,0
165,abs_ofi_tilde,-0.00186373874054301,-0.0356986124607253,0
165,open_dummy,-0.0296085121305191,0.00509084839882026,0
165,close_dummy,-0.0205235474585438,-0.0405468098333954,0
166,depth_tilde,-0.0515678469509768,0.0424140086942547,0
166,rv_tilde,-0.0182104539194527,-0.0545417908989956,0
166,abs_ofi_tilde,-0.000188175976926982,-0.0356379271504185,0
166,open_dummy,-0.0211960244257227,-0.0135602935557873,0
166,close_dummy,-0.0141997685741394,-0.0253877590739139,0
167,depth_tilde,-0.0502612779465156,0.043381351326158,0
167,rv_tilde,-0.0167008696411754,-0.0515542851078257,0
167,abs_ofi_tilde,-0.00085851586760061,-0.0418114438337022,0
167,open_dummy,-0.0433704539853994,0.00870662418214105,0
167,close_dummy,-0.0316012816026305,-0.0241396469863172,0
168,depth_tilde,-0.0489606827808424,0.0460320581057717,0
168,rv_tilde,-0.0177505128103767,-0.0580928387972851,0
168,abs_ofi_tilde,0.000857911903748668,-0.0404500310172909,0
168,open_dummy,-0.0307278259034695,-0.0108298678476484,0
168,close_dummy,-0.0196527697697329,-0.0283926371792505,0
169,depth_tilde,-0.0502730792787959,0.0414008978293754,0
169,rv_tilde,-0.021484005562465,-0.0440426648202935,0
169,abs_ofi_tilde,-0.00206544647201684,-0.0253192274860265,0
169,open_dummy,-0.0275002369195799,-0.0202373832634436,0
169,close_dummy,-0.0336334428519101,-0.0335630482260389,0
170,depth_tilde,-0.0499804937485502,0.0450994043603318,0
170,rv_tilde,-0.0215623311938862,-0.0641707824579645,0
170,abs_ofi_tilde,9.59752036530211e-06,-0.022354306966103,0
170,open_dummy,-0.0303742557582012,0.00461071657511691,0
170,close_dummy,-0.0163760655033289,-0.0160259883124704,0
171,depth_tilde,-0.0511717531204138,0.043805401057918,0
171,rv_tilde,-0.014852891300926,-0.0525629253874784,0
171,abs_ofi_tilde,0.00111920669334268,-0.043176792932232,0
171,open_dummy,-0.0447935788523854,-0.0170439807337935,0
171,close_dummy,-0.0275918665585719,-0.0212910945204958,0
172,depth_tilde,-0.0504828014540582,0.0387790156755836,0
172,rv_tilde,-0.0177578903143362,-0.0512261264328789,0
172,abs_ofi_tilde,-0.00355858598790863,-0.030742406401661,0
172,open_dummy,-0.032936252774132,0.00347354480377159,0
172,close_dummy,-0.0297959333487496,-0.0254636517497504,0
173,depth_tilde,-0.0481550320204398,0.0447054373015868,0
173,rv_tilde,-0.0205844111925626,-0.0504812424991837,0
173,abs_ofi_tilde,-0.00275839922533402,-0.0458890492954897,0
173,open_dummy,-0.0256331778042564,-0.00244867009647012,0
173,close_dummy,-0.0217986671104852,-0.0309622760648395,0
174,depth_tilde,-0.0496072568287686,0.0426944485658024,0
174,rv_tilde,-0.0254729269613889,-0.0576875503067428,0
174,abs_ofi_tilde,-0.00547788932134281,-0.0276681211386242,0
174,open_dummy,-0.0445424973885413,0.0169285590295988,0
174,close_dummy,-0.0312746880416503,-0.0152259654661537,0
175,depth_tilde,-0.0493210713382141,0.0430458439933206,0
175,rv_tilde,-0.0190441880489961,-0.0562933538727913,0
175,abs_ofi_tilde,-0.00156868721456648,-0.0351917997198992,0
175,open_dummy,-0.0240593208847237,-0.0129276628902045,0
175,close_dummy,-0.017818757008704,-0.0358397111299134,0
176,depth_tilde,-0.0502999963245303,0.0425291752648408,0
176,rv_tilde,-0.0184344047536918,-0.0433790320701588,0
176,abs_ofi_tilde,-0.00257567846377218,-0.0493209784109879,0
176,open_dummy,-0.0388749184031018,-0.0154430840820321,0
176,close_dummy,-0.0192373326566576,-0.0155142178131852,0
177,depth_tilde,-0.0492879754490358,0.042458250637538,0
177,rv_tilde,-0.018296074235871,-0.0530827949566795,0
177,abs_ofi_tilde,-0.0016437015341781,-0.0270362879929472,0
177,open_dummy,-0.0215040098200161,0.00706448825691177,0
177,close_dummy,-0.0234445865573268,-0.0332535302205668,0
178,depth_tilde,-0.0498773996641728,0.0400732644292801,0
178,rv_tilde,-0.0203636944509078,-0.0591717333787734,0
178,abs_ofi_tilde,-0.00381897320531196,-0.0415981638485642,0
178,open_dummy,-0.021553498081485,0.00584544669878649,0
178,close_dummy,-0.0232911624860708,-0.011327612058122,0
179,depth_tilde,-0.049312661296985,0.0439883749623873,0
179,rv_tilde,-0.022252449281027,-0.0420885652578108,0
179,abs_ofi_tilde,-0.00344458695784196,-0.0334447619826114,0
179,open_dummy,-0.0456146105448395,-0.00122082681166761,0
179,close_dummy,-0.0260785203375229,-0.0161781754472324,0
180,depth_tilde,-0.0477603153529954,0.042708721321833,0
180,rv_tilde,-0.0220646502139328,-0.0585991033757799,0
180,abs_ofi_tilde,0.00124324809031366,-0.0295040535899495,0
180,open_dummy,-0.038348614639128,0.000382789122676861,0
180,close_dummy,-0.019968063274872,-0.0447173282327638,0
181,depth_tilde,-0.0513549054847293,0.0411094631290178,0
181,rv_tilde,-0.0226811146028492,-0.0538156338366449,0
181,abs_ofi_tilde,0.000512965161928236,-0.0244823290592018,0
181,open_dummy,-0.042514169638842,0.0198214105682561,0
181,close_dummy,-0.0280931829758295,-0.0184856736878107,0
182,depth_tilde,-0.0490793536879794,0.0421102832039269,0
182,rv_tilde,-0.0260540394000363,-0.0534415061122654,0
182,abs_ofi_tilde,-0.0057450756988905,-0.0234015903406328,0
182,open_dummy,-0.0393375924570008,0.000576898146512954,0
182,close_dummy,-0.0228961682754321,-0.00878343463418719,0
183,depth_tilde,-0.0482840033146379,0.0423640607814805,0
183,rv_tilde,-0.0197541993456577,-0.0528971251984882,0
183,abs_ofi_tilde,-0.000678950145518877,-0.0425557594673776,0
183,open_dummy,-0.0391718347272177,2.22597827456342e-05,0
183,close_dummy,-0.0234858797536211,-0.0219739568615072,0
184,depth_tilde,-0.0517357698651589,0.0417119685386951,0
184,rv_tilde,-0.0179888621060259,-0.0541155432213043,0
184,abs_ofi_tilde,-0.00135783294195424,-0.0357354555314851,0
184,open_dummy,-0.0423462054061418,0.00615159036263818,0
184,close_dummy,-0.020252049831881,-0.0121533889765187,0
185,depth_tilde,-0.0501227621270842,0.0448099683548638,0
185,rv_tilde,-0.0203199170052663,-0.0490417962939051,0
185,abs_ofi_tilde,-0.000322959168321709,-0.0442456805573265,0
185,open_dummy,-0.0385114923777753,0.0146697033664488,0
185,close_dummy,-0.0265863032240848,-0.03072998348582,0
186,depth_tilde,-0.0495868599898224,0.0430904066018946,0
186,rv_tilde,-0.0198511597818516,-0.0515094431487817,0
186,abs_ofi_tilde,0.00357975478386587,-0.0355214218063337,0
186,open_dummy,-0.0439899876129644,0.00550838846503281,0
186,close_dummy,-0.0329007458458573,-0.0539997242840935,0
187,depth_tilde,-0.0491360938726884,0.042405253920802,0
187,rv_tilde,-0.0220505674542866,-0.0585725272780202,0
187,abs_ofi_tilde,-0.00406112382803562,-0.0294412301168668,0
187,open_dummy,-0.0290232487985204,0.00971480272935144,0
187,close_dummy,-0.0318129631488017,-0.0195215302757586,0
188,depth_tilde,-0.0496101672843728,0.0438504547622474,0
188,rv_tilde,-0.0185891815000985,-0.0507487177162449,0
188,abs_ofi_tilde,-0.00190320028546172,-0.0317390137357725,0
188,open_dummy,-0.027403362984027,0.00127423081906643,0
188,close_dummy,-0.0137876969260748,-0.0284818512054033,0
189,depth_tilde,-0.0513898863521812,0.0428321896388025,0
189,rv_tilde,-0.0172324548532881,-0.0476295578776443,0
189,abs_ofi_tilde,-0.00322772383051356,-0.030667345185029,0
189,open_dummy,-0.0407998129005338,-0.0112103534830444,0
189,close_dummy,-0.0156364387908105,-0.029778230037862,0
190,depth_tilde,-0.0496275470466581,0.039961574967172,0
190,rv_tilde,-0.0233699616310229,-0.0507137310378479,0
190,abs_ofi_tilde,-0.00307990047681797,-0.0430646299747359,0
190,open_dummy,-0.0333795544560768,-0.00558078927492195,0
190,close_dummy,-0.0199697091762733,-0.0236226863641721,0
191,depth_tilde,-0.0493757731129639,0.0448819781855578,0
191,rv_tilde,-0.0196920143258188,-0.0610027113295204,0
191,abs_ofi_tilde,-8.72883670228269e-05,-0.0315749797993355,0
191,open_dummy,-0.0194586799365227,0.00190561699462134,0
191,close_dummy,-0.0299021064565199,-0.00874341112107431,0
192,depth_tilde,-0.0516645863693687,0.0417169909430834,0
192,rv_tilde,-0.0176789658283835,-0.0554369728641321,0
192,abs_ofi_tilde,-0.00283325681058659,-0.0460914555213003,0
192,open_dummy,-0.0305236335868518,-0.00798449366571625,0
192,close_dummy,-0.0214416204652883,-0.0187112515997286,0
193,depth_tilde,-0.0529286521819738,0.0417943994124471,0
193,rv_tilde,-0.0164673882507238,-0.0550088415002988,0
193,abs_ofi_tilde,0.000814162839140734,-0.0320475298332404,0
193,open_dummy,-0.0497316789372382,-0.0121993571327673,0
193,close_dummy,-0.0238289305218443,-0.00566845426481164,0
194,depth_tilde,-0.0516342765606597,0.0431455367146114,0
194,rv_tilde,-0.0180554485143459,-0.0491671991660211,0
194,abs_ofi_tilde,-0.000721446682016649,-0.0300176961573128,0
194,open_dummy,-0.0308982995217339,0.00956920443370169,0
194,close_dummy,-0.00986270522551346,-0.0425626901876465,0
195,depth_tilde,-0.0488187104599094,0.0440062887360959,0
195,rv_tilde,-0.0156070126388223,-0.0520391637969589,0
195,abs_ofi_tilde,0.00127273884668532,-0.0513677662397469,0
195,open_dummy,-0.0329835923943387,-0.0130882946586444,0
195,close_dummy,-0.0344567511694233,-0.023149035492333,0
196,depth_tilde,-0.0516696694380244,0.0393895673683315,0
196,rv_tilde,-0.0184462360947931,-0.0501366400237117,0
196,abs_ofi_tilde,-0.00200096533685162,-0.0392159181293525,0
196,open_dummy,-0.04399245769313,0.0175964899193576,0
196,close_dummy,-0.0234413262287398,-0.0311091214176133,0
197,depth_tilde,-0.0491125468330143,0.0436001701517159,0
197,rv_tilde,-0.0223032801336111,-0.0560744917499268,0
197,abs_ofi_tilde,-0.00453531162332862,-0.0343453211116155,0
197,open_dummy,-0.0376771947332755,0.00158021795023686,0
197,close_dummy,-0.0164126064403058,-0.022738363137135,0
198,depth_tilde,-0.0484304808116785,0.0405276399696718,0
198,rv_tilde,-0.0216391563957752,-0.0535590043461889,0
198,abs_ofi_tilde,-0.00475419146836258,-0.0330637774275241,0
198,open_dummy,-0.036451866573152,-0.00418471584992371,0
198,close_dummy,-0.0150361694161462,-0.0315502313804792,0
199,depth_tilde,-0.0509313871503774,0.0444755870536466,0
199,rv_tilde,-0.0199176756853124,-0.0504565646464708,0
199,abs_ofi_tilde,-0.003194294569459,-0.0341237997722935,0
199,open_dummy,-0.0410536797360893,-0.000191993648798331,0
199,close_dummy,-0.0286221742274703,-0.00964125260217957,0
200,depth_tilde,-0.052371253567005,0.0400442211378281,0
200,rv_tilde,-0.0157912422728331,-0.0499575037536584,0
200,abs_ofi_tilde,-0.000406082401691169,-0.0262625141233921,0
200,open_dummy,-0.0289587300175372,0.00488799463763081,0
200,close_dummy,-0.0201342016649787,-0.0254965688700379,0
